Designator,Footprint,Quantity,Value,LCSC Part #
BT1,Battery_Holder_18650_2_Cell_SMD,1,1048,
"C1, C2",0603,2,10nf,
"C10, C14, C17, C3, C5, C7, C9",0603,7,0.1u,
C11,0603,1,4.7u,
"C12, C13",0603,2,1u,
"C15, C16, C4, C6, C8",0603,5,10u,
"D1, D2, D4, D5",0603,4,LED,
D3,D_SMA,1,SS34,
L1,WIFIM-SMD_ESP32-SL,1,ESP32-SL,C2764058
"Q1, Q2",SOT-23,2,BC817,
Q3,SOT-23,1,AO3401A,
Q4,SOP65P640X120-8N,1,FS8205A,
"R10, R9",0603,2,4k7,
R11,1206,1,20m,
"R12, R8",0603,2,470,
"R13, R22, R23, R26",0603,4,1k,
R14,0603,1,47k5,
R15,0603,1,22k1,
"R16, R17",0603,2,5k1,
"R18, R19, R2, R20, R21, R3, R4, R5",0603,8,10K,
R24,0603,1,1k1,
R25,0603,1,100,
R27,0603,1,100k,
"R6, R7",0603,2,50,
"RV1, RV2",Potentiometer_Vishay_T93YA_Vertical,2,R_Potentiometer,
S1,XDCR_PEC12R-4217F-S0024,1,PEC12R-4217F-S0024,
"S2, S3",toggle_switch,2,472123010111,
"SW3, SW4",SW_PUSH_6mm_H7.3mm,2,SW_Push,
U1,CR2013-MI2120,1,CR2013-MI2120,
U10,nRF24L01_Breakout,1,NRF24L01_Breakout,
U2,SOT-23-5,1,AP2112K-3.3,
U3,TSSOP-10_3x3mm_P0.5mm,1,INA226,
"U4, U5",XDCR_COM-09032,2,COM-09032,
U6,SOIC-8-1EP_3.9x4.9mm_P1.27mm_EP2.41x3.3mm_ThermalVias,1,TP4056-42-ESOP8,
U7,SOT-23-6,1,USBLC6-2SC6,
U8,QFN-24-1EP_4x4mm_P0.5mm_EP2.6x2.6mm,1,CP2102N-Axx-xQFN24,
U9,SOT-23-6,1,DW01A,
X1,USB4085_CONNECTOR,1,USB4085-GF-A,
