Designator,Mid X,Mid Y,Rotation,Layer
BT1,148.555,-86.33,270.0,bottom
C1,180.575,-133.1,0.0,top
C10,97.725,-128.0,0.0,top
C11,97.725,-129.5,0.0,top
C12,100.225,-121.5,0.0,top
C13,138.725,-130.0,0.0,top
C14,97.725,-131.0,180.0,top
C15,139.275,-120.0,0.0,top
C16,151.3,-108.9,0.0,top
C17,169.8,-117.8,90.0,top
C2,190.6,-135.0,180.0,top
C3,140.5,-135.4725,270.0,top
C4,139.0,-135.4725,270.0,top
C5,108.5,-117.5,0.0,top
C6,108.5,-120.5,0.0,top
C7,112.225,-117.5,0.0,top
C8,112.225,-120.5,0.0,top
C9,140.5,-116.5,0.0,top
D1,93.0,-114.0,180.0,top
D2,100.5,-118.5,0.0,top
D3,123.0,-112.0,0.0,top
D4,149.0,-126.0,0.0,top
D5,149.0,-128.5,0.0,top
H1,199.0,-45.5,0.0,top
H2,199.0,-135.5,0.0,top
H3,84.0,-45.5,0.0,top
H4,84.0,-135.5,0.0,top
L1,125.8,-128.8025,180.0,top
Q1,85.5,-115.0,0.0,top
Q2,85.5,-119.0,270.0,top
Q3,147.7,-108.9,0.0,top
Q4,158.0,-113.7,0.0,top
R10,113.5,-135.0,180.0,top
R11,144.1,-110.8,180.0,top
R12,97.5,-115.0,90.0,top
R13,100.225,-120.0,180.0,top
R14,100.3,-124.5,0.0,top
R15,100.225,-123.0,180.0,top
R16,97.725,-132.5,0.0,top
R17,89.0,-132.0,90.0,top
R18,138.675,-132.0,0.0,top
R19,117.0,-115.0,90.0,top
R2,180.575,-131.6,180.0,top
R20,85.825,-122.5625,0.0,top
R21,85.5,-111.5625,0.0,top
R22,144.5,-126.825,90.0,top
R23,146.0,-126.825,90.0,top
R24,150.175,-118.0,0.0,top
R25,170.6,-120.3,0.0,top
R26,161.62,-120.525,270.0,top
R27,151.8,-111.3,0.0,top
R3,191.5,-132.6,270.0,top
R4,183.6,-132.5,270.0,top
R5,188.775,-132.5,270.0,top
R6,113.4,-128.425,270.0,top
R7,113.4,-125.425,270.0,top
R8,95.5,-115.0,270.0,top
R9,113.675,-131.0,180.0,top
RV1,88.0,-80.6125,0.0,top
RV2,193.54,-82.5,180.0,top
S1,186.6,-121.75,0.0,top
S2,89.5,-93.5,180.0,top
S3,191.5,-95.0,180.0,top
SW3,152.25,-134.75,0.0,top
SW4,105.5,-136.0,0.0,top
U1,142.455,-86.58,0.0,top
U10,117.69,-53.27,90.0,top
U2,109.5,-114.0,270.0,top
U3,139.0,-113.5,270.0,top
U4,188.857,-61.23,0.0,top
U5,94.357,-60.23,0.0,top
U6,145.3,-121.3,180.0,top
U7,90.5,-125.5,0.0,top
U8,95.1875,-119.5,180.0,top
U9,165.4,-118.5,180.0,top
X1,95.0,-136.5825,0.0,top
