"Id";"Designator";"Footprint";"Quantity";"Designation";"Supplier and ref";
1;"BT1";"Battery_Holder_18650_2_Cell_SMD";1;"1048";;;
2;"C1, C2";"C_0603_1608Metric";2;"10nf";;;
3;"C3, C5, C7, C9, C10, C14, C17";"C_0603_1608Metric";7;"0.1u";;;
4;"C4, C6, C8, C15, C16";"C_0603_1608Metric";5;"10u";;;
5;"C11";"C_0603_1608Metric";1;"4.7u";;;
6;"C12, C13";"C_0603_1608Metric";2;"1u";;;
7;"D1, D2, D4, D5";"LED_0603_1608Metric_Pad1.05x0.95mm_HandSolder";4;"LED";;;
8;"D3";"D_SMA";1;"SS34";;;
9;"L1";"WIFIM-SMD_ESP32-SL";1;"ESP32-SL";;;
10;"Q1, Q2";"SOT-23";2;"BC817";;;
11;"Q3";"SOT-23";1;"AO3401A";;;
12;"Q4";"SOP65P640X120-8N";1;"FS8205A";;;
13;"R2, R3, R4, R5, R18, R19, R20, R21";"R_0603_1608Metric";8;"10K";;;
14;"R6, R7";"R_0603_1608Metric";2;"50";;;
15;"R8, R12";"R_0603_1608Metric";2;"470";;;
16;"R9, R10";"R_0603_1608Metric";2;"4k7";;;
17;"R11";"R_1206_3216Metric_Pad1.30x1.75mm_HandSolder";1;"20m";;;
18;"R13, R22, R23, R26";"R_0603_1608Metric";4;"1k";;;
19;"R14";"R_0603_1608Metric";1;"47k5";;;
20;"R15";"R_0603_1608Metric";1;"22k1";;;
21;"R16, R17";"R_0603_1608Metric";2;"5k1";;;
22;"R24";"R_0603_1608Metric";1;"1k1";;;
23;"R25";"R_0603_1608Metric";1;"100";;;
24;"R27";"R_0603_1608Metric";1;"100k";;;
25;"RV1, RV2";"Potentiometer_Vishay_T93YA_Vertical";2;"R_Potentiometer";;;
26;"S1";"XDCR_PEC12R-4217F-S0024";1;"PEC12R-4217F-S0024";;;
27;"S2, S3";"toggle_switch";2;"472123010111";;;
28;"SW3, SW4";"SW_PUSH_6mm_H7.3mm";2;"SW_Push";;;
29;"U1";"CR2013-MI2120";1;"CR2013-MI2120";;;
30;"U2";"SOT-23-5";1;"AP2112K-3.3";;;
31;"U3";"TSSOP-10_3x3mm_P0.5mm";1;"INA226";;;
32;"U4, U5";"XDCR_COM-09032";2;"COM-09032";;;
33;"U6";"SOIC-8-1EP_3.9x4.9mm_P1.27mm_EP2.41x3.3mm_ThermalVias";1;"TP4056-42-ESOP8";;;
34;"U7";"SOT-23-6";1;"USBLC6-2SC6";;;
35;"U8";"QFN-24-1EP_4x4mm_P0.5mm_EP2.6x2.6mm";1;"CP2102N-Axx-xQFN24";;;
36;"U9";"SOT-23-6";1;"DW01A";;;
37;"U10";"nRF24L01_Breakout";1;"NRF24L01_Breakout";;;
38;"X1";"USB4085_CONNECTOR";1;"USB4085-GF-A";;;
